市区町村コード,都道府県名,市区町村名,調査年月日,NO,学校名,学校名_かな,学校名_カナ,総児童数,通常学級_学級数_1年,通常学級_学級数_2年,通常学級_学級数_3年,通常学級_学級数_4年,通常学級_学級数_5年,通常学級_学級数_6年,通常学級_学級数_複式学級数,通常学級_児童数（総数）_1年,通常学級_児童数（男子）_1年,通常学級_児童数（女子）_1年,通常学級_児童数（総数）_2年,通常学級_児童数（男子）_2年,通常学級_児童数（女子）_2年,通常学級_児童数（総数）_3年,通常学級_児童数（男子）_3年,通常学級_児童数（女子）_3年,通常学級_児童数（総数）_4年,通常学級_児童数（男子）_4年,通常学級_児童数（女子）_4年,通常学級_児童数（総数）_5年,通常学級_児童数（男子）_5年,通常学級_児童数（女子）_5年,通常学級_児童数（総数）_6年,通常学級_児童数（男子）_6年,通常学級_児童数（女子）_6年,特別支援学級_学級数,特別支援学級_児童数（総数）,特別支援学級_児童数（男子）,特別支援学級_児童数（女子）,通級指導教室_学級数,通級指導教室_児童数（総数）,通級指導教室_児童数（男子）,通級指導教室_児童数（女子）,備考
401307,福岡県,福岡市,2019-05-01,1,舞鶴,まいづる,マイヅル,713,4,4,3,4,3,3,0,140,74,66,120,61,59,106,56,50,131,57,74,103,49,54,113,57,56,2,,,,,,,,
401307,福岡県,福岡市,2019-05-01,2,当仁,とうにん,トウニン,515,3,3,3,3,3,2,0,86,35,51,84,43,41,83,47,36,90,45,45,88,37,51,84,35,49,4,,,,,,,,
401307,福岡県,福岡市,2019-05-01,3,博多,はかた,ハカタ,684,4,3,4,4,3,4,0,120,70,50,99,45,54,116,56,60,115,51,64,100,44,56,134,65,69,3,,,,,,,,
401307,福岡県,福岡市,2019-05-01,8,警固,けご,ケゴ,664,3,4,4,3,3,3,0,101,45,56,112,51,61,118,68,50,98,61,37,123,59,64,112,63,49,2,,,,,,,,
401307,福岡県,福岡市,2019-05-01,9,西新,にしじん,ニシジン,1074,6,6,6,5,5,4,0,191,107,84,184,100,84,186,109,77,172,90,82,178,94,84,163,85,78,3,,,,,,,,
401307,福岡県,福岡市,2019-05-01,10,春吉,はるよし,ハルヨシ,155,1,1,1,1,1,1,0,27,16,11,25,10,15,20,13,7,24,13,11,31,14,17,28,14,14,1,,,,,,,,
401307,福岡県,福岡市,2019-05-01,11,住吉,すみよし,スミヨシ,579,3,3,3,3,3,3,0,104,52,52,103,43,60,91,51,40,100,42,58,91,43,48,90,59,31,2,,,,,,,,
401307,福岡県,福岡市,2019-05-01,12,草ヶ江,くさがえ,クサガエ,881,5,5,5,5,3,4,0,145,81,64,154,75,79,147,67,80,156,77,79,119,63,56,160,87,73,2,,,,,,,,
401307,福岡県,福岡市,2019-05-01,13,堅粕,かたかす,カタカス,192,2,1,1,1,1,1,0,38,16,22,39,20,19,25,14,11,37,23,14,24,12,12,29,18,11,4,,,,,,,,
401307,福岡県,福岡市,2019-05-01,14,馬出,まいだし,マイダシ,374,2,2,2,2,2,2,0,66,41,25,60,34,26,54,31,23,69,45,24,69,29,40,56,33,23,1,,,,,,,,
401307,福岡県,福岡市,2019-05-01,15,千代,ちよ,チヨ,201,1,2,1,1,1,1,0,31,13,18,48,22,26,32,21,11,22,10,12,43,28,15,25,4,21,3,,,,,,,,
401307,福岡県,福岡市,2019-05-01,16,原,はら,ハラ,705,4,4,3,4,3,3,0,123,62,61,125,56,69,109,57,52,113,65,48,123,67,56,112,74,38,6,,,,,,,,
401307,福岡県,福岡市,2019-05-01,17,長尾,ながお,ナガオ,719,4,4,4,4,3,4,0,128,63,65,113,58,55,121,68,53,118,57,61,111,49,62,128,60,68,2,,,,,,,,
401307,福岡県,福岡市,2019-05-01,18,吉塚,よしづか,ヨシヅカ,464,2,3,2,3,2,3,0,63,31,32,78,43,35,72,33,39,83,42,41,80,44,36,88,45,43,3,,,,,,,,
401307,福岡県,福岡市,2019-05-01,19,東住吉,ひがしすみよし,ヒガシスミヨシ,182,1,1,1,1,1,1,0,33,21,12,36,20,16,28,15,13,26,11,15,33,24,9,26,11,15,1,,,,,,,,
401307,福岡県,福岡市,2019-05-01,20,筥松,はこまつ,ハコマツ,706,4,4,4,4,3,3,0,136,72,64,132,65,67,112,53,59,115,58,57,106,47,59,105,62,43,5,,,,,,,,
401307,福岡県,福岡市,2019-05-01,21,平尾,ひらお,ヒラオ,1083,5,6,6,5,5,5,0,168,82,86,182,105,77,194,98,96,168,82,86,192,81,111,179,96,83,2,,,,,,,,
401307,福岡県,福岡市,2019-05-01,22,高宮,たかみや,タカミヤ,420,3,3,2,2,2,2,0,79,40,39,78,37,41,67,34,33,69,36,33,75,44,31,52,24,28,1,,,,,,,,
401307,福岡県,福岡市,2019-05-01,23,姪浜,めいのはま,メイノハマ,965,5,5,5,5,4,5,0,169,85,84,166,84,82,154,84,70,154,80,74,157,81,76,165,83,82,2,,,,,,,,
401307,福岡県,福岡市,2019-05-01,24,席田,むしろだ,ムシロダ,378,2,2,2,3,2,2,0,69,28,41,63,38,25,63,35,28,80,41,39,55,31,24,48,18,30,2,,,,,,,,
401307,福岡県,福岡市,2019-05-01,25,三宅,みやけ,ミヤケ,845,4,5,4,4,4,4,0,136,68,68,164,92,72,130,73,57,136,66,70,140,66,74,139,62,77,2,,,,,,,,
401307,福岡県,福岡市,2019-05-01,26,花畑,はなはた,ハナハタ,531,3,3,3,3,3,2,0,90,50,40,84,41,43,89,45,44,99,43,56,88,42,46,81,38,43,4,,,,,,,,
401307,福岡県,福岡市,2019-05-01,27,月隈,つきぐま,ツキグマ,479,3,2,3,3,3,2,0,82,42,40,72,33,39,77,41,36,81,46,35,88,44,44,79,48,31,3,,,,,,,,
401307,福岡県,福岡市,2019-05-01,28,箱崎,はこざき,ハコザキ,589,3,3,4,3,3,3,0,93,47,46,96,53,43,115,59,56,97,41,56,93,53,40,95,36,59,3,,,,,,,,
401307,福岡県,福岡市,2019-05-01,29,壱岐,いき,イキ,942,4,4,5,5,5,5,0,132,63,69,142,79,63,157,85,72,162,90,72,176,94,82,173,84,89,3,,,,,,,,
401307,福岡県,福岡市,2019-05-01,30,能古,のこ,ノコ,124,1,1,1,1,1,1,0,22,12,10,21,11,10,21,13,8,19,13,6,20,8,12,21,7,14,1,,,,,,,,
401307,福岡県,福岡市,2019-05-01,31,今宿,いまじゅく,イマジュク,967,5,5,5,6,4,4,0,156,90,66,163,99,64,168,80,88,186,107,79,148,75,73,146,76,70,4,,,,,,,,
401307,福岡県,福岡市,2019-05-01,32,今津,いまづ,イマヅ,135,1,1,1,1,1,1,0,31,17,14,23,16,7,30,15,15,19,13,6,15,11,4,17,6,11,1,,,,,,,,
401307,福岡県,福岡市,2019-05-01,33,玉川,たまがわ,タマガワ,712,5,4,4,4,3,3,0,149,80,69,116,59,57,121,67,54,108,47,61,113,57,56,105,57,48,2,,,,,,,,
401307,福岡県,福岡市,2019-05-01,34,高取,たかとり,タカトリ,1252,6,6,7,7,5,5,0,202,112,90,199,95,104,222,112,110,235,123,112,194,98,96,200,103,97,2,,,,,,,,
401307,福岡県,福岡市,2019-05-01,35,鳥飼,とりかい,トリカイ,708,4,3,4,3,4,3,0,113,66,47,109,52,57,121,61,60,113,61,52,130,62,68,122,67,55,3,,,,,,,,
401307,福岡県,福岡市,2019-05-01,36,西高宮,にしたかみや,ニシタカミヤ,1170,6,6,7,5,6,5,0,186,87,99,183,89,94,223,122,101,175,86,89,222,105,117,181,83,98,2,,,,,,,,
401307,福岡県,福岡市,2019-05-01,37,赤坂,あかさか,アカサカ,487,3,3,3,3,2,3,0,80,40,40,74,38,36,81,49,32,82,40,42,82,47,35,88,37,51,2,,,,,,,,
401307,福岡県,福岡市,2019-05-01,38,百道,ももち,モモチ,655,3,4,4,4,4,3,0,79,42,37,113,58,55,110,55,55,116,64,52,132,68,64,105,58,47,2,,,,,,,,
401307,福岡県,福岡市,2019-05-01,39,曰佐,おさ,オサ,452,3,3,2,3,2,2,0,78,46,32,81,41,40,70,35,35,80,35,45,74,39,35,69,41,28,2,,,,,,,,
401307,福岡県,福岡市,2019-05-01,40,宮竹,みやたけ,ミヤタケ,826,4,5,4,4,4,4,0,128,62,66,143,80,63,134,76,58,130,72,58,151,77,74,140,80,60,3,,,,,,,,
401307,福岡県,福岡市,2019-05-01,41,田隈,たぐま,タグマ,453,3,2,3,3,2,2,0,92,45,47,67,36,31,72,31,41,82,37,45,65,30,35,75,38,37,2,,,,,,,,
401307,福岡県,福岡市,2019-05-01,42,香椎,かしい,カシイ,669,3,3,4,4,3,3,0,104,59,45,112,57,55,122,66,56,115,58,57,104,48,56,112,59,53,9,,,,,,,,
401307,福岡県,福岡市,2019-05-01,43,多々良,たたら,タタラ,688,4,3,4,3,3,4,0,126,70,56,110,47,63,120,63,57,99,50,49,109,58,51,124,58,66,3,,,,,,,,
401307,福岡県,福岡市,2019-05-01,44,名島,なじま,ナジマ,1101,6,6,5,6,5,5,0,191,95,96,183,90,93,169,92,77,182,83,99,191,77,114,185,97,88,4,,,,,,,,
401307,福岡県,福岡市,2019-05-01,45,大楠,おおぐす,オオグス,364,2,2,2,2,2,2,0,66,34,32,57,22,35,59,31,28,62,32,30,58,31,27,62,27,35,1,,,,,,,,
401307,福岡県,福岡市,2019-05-01,46,春住,はるずみ,ハルズミ,611,3,3,4,3,3,2,0,103,51,52,102,50,52,123,63,60,107,45,62,93,49,44,83,44,39,3,,,,,,,,
401307,福岡県,福岡市,2019-05-01,47,板付,いたづけ,イタヅケ,837,4,5,5,5,4,4,0,125,62,63,151,78,73,141,59,82,148,75,73,135,71,64,137,71,66,3,,,,,,,,
401307,福岡県,福岡市,2019-05-01,48,那珂,なか,ナカ,955,5,5,5,5,5,4,0,167,87,80,157,83,74,147,80,67,157,81,76,164,83,81,163,81,82,3,,,,,,,,
401307,福岡県,福岡市,2019-05-01,49,那珂南,なかみなみ,ナカミナミ,608,4,3,3,3,3,3,0,114,43,71,104,47,57,88,52,36,96,57,39,112,63,49,94,42,52,2,,,,,,,,
401307,福岡県,福岡市,2019-05-01,50,香住丘,かすみがおか,カスミガオカ,940,5,4,5,4,4,5,0,179,97,82,140,70,70,180,89,91,144,66,78,132,64,68,165,83,82,3,,,,,,,,
401307,福岡県,福岡市,2019-05-01,51,東光,とうこう,トウコウ,227,1,2,2,2,1,1,0,30,17,13,49,24,25,40,17,23,44,31,13,36,21,15,28,13,15,1,,,,,,,,
401307,福岡県,福岡市,2019-05-01,52,南当仁,みなみとうじん,ミナミトウジン,724,4,4,4,4,3,3,0,130,72,58,130,71,59,123,58,65,130,70,60,116,66,50,95,45,50,2,,,,,,,,
401307,福岡県,福岡市,2019-05-01,53,東吉塚,ひがしよしづか,ヒガシヨシヅカ,548,4,3,3,2,3,2,0,114,64,50,96,48,48,84,44,40,70,38,32,106,50,56,78,38,40,2,,,,,,,,
401307,福岡県,福岡市,2019-05-01,55,若久,わかひさ,ワカヒサ,670,4,4,4,3,3,3,0,123,59,64,106,49,57,113,60,53,101,55,46,113,61,52,114,62,52,1,,,,,,,,
401307,福岡県,福岡市,2019-05-01,56,笹丘,ささおか,ササオカ,667,3,4,3,4,4,3,0,96,51,45,115,58,57,104,49,55,111,60,51,131,71,60,110,66,44,1,,,,,,,,
401307,福岡県,福岡市,2019-05-01,57,内浜,うちはま,ウチハマ,878,4,5,5,5,4,4,0,146,76,70,159,81,78,148,85,63,156,75,81,131,67,64,138,68,70,3,,,,,,,,
401307,福岡県,福岡市,2019-05-01,58,室見,むろみ,ムロミ,758,4,4,4,4,4,4,0,112,55,57,123,66,57,137,68,69,113,62,51,136,66,70,137,81,56,2,,,,,,,,
401307,福岡県,福岡市,2019-05-01,59,別府,べふ,ベフ,961,5,4,6,5,5,4,0,143,75,68,144,76,68,179,93,86,159,94,65,172,93,79,164,80,84,3,,,,,,,,
401307,福岡県,福岡市,2019-05-01,60,和白,わじろ,ワジロ,698,4,4,4,3,4,4,0,109,53,56,113,66,47,120,60,60,106,60,46,126,52,74,124,61,63,2,,,,,,,,
401307,福岡県,福岡市,2019-05-01,61,金武,かなたけ,カナタケ,694,4,3,4,4,3,4,0,119,66,53,96,48,48,131,62,69,119,55,64,98,64,34,131,72,59,1,,,,,,,,
401307,福岡県,福岡市,2019-05-01,63,周船寺,すせんじ,スセンジ,648,4,3,3,4,3,3,0,114,55,59,89,45,44,105,44,61,117,49,68,107,63,44,116,64,52,2,,,,,,,,
401307,福岡県,福岡市,2019-05-01,64,元岡,もとおか,モトオカ,784,4,4,4,4,4,4,0,120,68,52,117,66,51,135,70,65,133,78,55,135,74,61,144,79,65,2,,,,,,,,
401307,福岡県,福岡市,2019-05-01,65,北崎,きたざき,キタザキ,104,1,1,1,1,1,1,0,17,12,5,18,10,8,17,11,6,16,8,8,17,8,9,19,9,10,1,,,,,,,,
401307,福岡県,福岡市,2019-05-01,66,玄界,げんかい,ゲンカイ,17,1,1,1,1,1,1,0,2,1,1,5,2,3,4,3,1,2,2,0,2,1,1,2,2,0,0,,,,,,,,
401307,福岡県,福岡市,2019-05-01,67,小呂,おろ,オロ,10,0,0,1,1,1,0,1,2,0,2,2,0,2,1,0,1,4,3,1,1,1,0,0,0,0,0,,,,,,,,
401307,福岡県,福岡市,2019-05-01,68,千早,ちはや,チハヤ,970,5,5,5,5,4,4,0,175,96,79,174,91,83,168,86,82,165,87,78,142,72,70,146,85,61,2,,,,,,,,
401307,福岡県,福岡市,2019-05-01,69,小笹,おざさ,オザサ,816,4,4,4,4,4,4,0,131,62,69,137,73,64,132,69,63,127,73,54,136,74,62,153,78,75,2,,,,,,,,
401307,福岡県,福岡市,2019-05-01,70,七隈,ななくま,ナナクマ,717,4,4,4,4,3,4,0,118,64,54,110,48,62,113,55,58,126,62,64,116,61,55,134,66,68,1,,,,,,,,
401307,福岡県,福岡市,2019-05-01,71,老司,ろうじ,ロウジ,490,3,3,3,3,3,2,0,74,39,35,76,37,39,82,44,38,92,49,43,89,49,40,77,44,33,2,,,,,,,,
401307,福岡県,福岡市,2019-05-01,72,原西,はらにし,ハラニシ,702,4,4,4,3,3,3,0,118,65,53,129,70,59,122,70,52,107,60,47,105,64,41,121,60,61,3,,,,,,,,
401307,福岡県,福岡市,2019-05-01,73,長住,ながずみ,ナガズミ,533,3,3,3,2,3,3,0,84,41,43,102,58,44,84,41,43,79,52,27,96,45,51,88,49,39,6,,,,,,,,
401307,福岡県,福岡市,2019-05-01,74,原北,はらきた,ハラキタ,636,4,3,4,3,3,3,0,111,53,58,93,46,47,122,66,56,95,53,42,112,51,61,103,52,51,3,,,,,,,,
401307,福岡県,福岡市,2019-05-01,75,筑紫丘,ちくしがおか,チクシガオカ,541,3,3,3,3,3,2,0,99,37,62,91,50,41,103,49,54,85,41,44,82,47,35,81,42,39,1,,,,,,,,
401307,福岡県,福岡市,2019-05-01,76,西花畑,にしはなはた,ニシハナハタ,816,5,5,5,4,3,3,0,151,85,66,151,83,68,142,72,70,136,65,71,120,61,59,116,60,56,2,,,,,,,,
401307,福岡県,福岡市,2019-05-01,77,弥永,やなが,ヤナガ,300,2,2,2,2,1,2,0,41,14,27,50,24,26,50,28,22,57,25,32,40,25,15,62,25,37,1,,,,,,,,
401307,福岡県,福岡市,2019-05-01,78,堤,つつみ,ツツミ,509,3,2,3,3,3,3,0,84,35,49,69,36,33,96,48,48,83,42,41,91,48,43,86,50,36,2,,,,,,,,
401307,福岡県,福岡市,2019-05-01,79,飯倉,いいくら,イイクラ,557,3,3,3,3,3,3,0,97,50,47,84,40,44,100,47,53,82,42,40,91,47,44,103,59,44,1,,,,,,,,
401307,福岡県,福岡市,2019-05-01,80,城浜,しろはま,シロハマ,81,1,1,1,1,1,1,0,12,4,8,13,8,5,15,10,5,13,5,8,17,11,6,11,6,5,2,,,,,,,,
401307,福岡県,福岡市,2019-05-01,81,若宮,わかみや,ワカミヤ,523,3,3,3,3,2,3,0,84,45,39,91,41,50,80,43,37,80,39,41,81,45,36,107,53,54,2,,,,,,,,
401307,福岡県,福岡市,2019-05-01,82,城南,じょうなん,ジョウナン,881,4,4,5,5,4,4,0,124,61,63,133,68,65,156,71,85,161,75,86,157,76,81,150,72,78,2,,,,,,,,
401307,福岡県,福岡市,2019-05-01,83,勝馬,かつま,カツマ,36,1,1,0,0,0,0,2,8,6,2,4,1,3,9,5,4,6,3,3,4,1,3,5,4,1,0,,,,,,,,
401307,福岡県,福岡市,2019-05-01,84,志賀島,しかのしま,シカノシマ,8,1,1,1,1,0,0,0,3,1,2,2,0,2,1,0,1,2,0,2,0,0,0,0,0,0,0,,,,,,,,
401307,福岡県,福岡市,2019-05-01,85,西戸崎,さいとざき,サイトザキ,405,2,2,2,3,2,3,0,53,25,28,64,32,32,67,34,33,73,43,30,66,37,29,82,43,39,2,,,,,,,,
401307,福岡県,福岡市,2019-05-01,86,東花畑,ひがしはなはた,ヒガシハナハタ,555,3,4,3,3,3,3,0,83,42,41,108,65,43,86,48,38,94,47,47,94,51,43,90,48,42,1,,,,,,,,
401307,福岡県,福岡市,2019-05-01,87,金山,かなやま,カナヤマ,317,2,2,2,2,2,2,0,61,32,29,52,28,24,57,26,31,53,31,22,49,17,32,45,31,14,1,,,,,,,,
401307,福岡県,福岡市,2019-05-01,88,下山門,しもやまと,シモヤマト,599,3,3,3,3,3,3,0,97,54,43,93,45,48,101,48,53,109,48,61,97,53,44,102,52,50,5,,,,,,,,
401307,福岡県,福岡市,2019-05-01,89,長丘,ながおか,ナガオカ,765,4,4,4,4,3,4,0,131,59,72,124,68,56,122,60,62,134,65,69,123,62,61,131,66,65,2,,,,,,,,
401307,福岡県,福岡市,2019-05-01,90,美和台,みわだい,ミワダイ,873,5,4,5,5,4,4,0,158,72,86,137,69,68,146,78,68,142,78,64,147,72,75,143,72,71,2,,,,,,,,
401307,福岡県,福岡市,2019-05-01,91,八田,はった,ハッタ,531,3,3,3,3,3,3,0,101,48,53,78,33,45,83,38,45,91,47,44,86,38,48,92,52,40,2,,,,,,,,
401307,福岡県,福岡市,2019-05-01,92,板付北,いたづけきた,イタヅケキタ,348,2,2,2,2,2,2,0,58,32,26,41,23,18,71,31,40,61,24,37,63,28,35,54,33,21,3,,,,,,,,
401307,福岡県,福岡市,2019-05-01,93,西長住,にしながずみ,ニシナガズミ,268,2,1,2,2,2,2,0,50,30,20,34,14,20,42,27,15,42,21,21,58,33,25,42,23,19,2,,,,,,,,
401307,福岡県,福岡市,2019-05-01,94,賀茂,かも,カモ,645,4,3,3,4,3,3,0,113,60,53,102,53,49,98,51,47,115,56,59,108,55,53,109,48,61,4,,,,,,,,
401307,福岡県,福岡市,2019-05-01,95,脇山,わきやま,ワキヤマ,108,1,1,1,1,1,1,0,16,5,11,26,9,17,10,4,6,21,9,12,18,11,7,17,11,6,1,,,,,,,,
401307,福岡県,福岡市,2019-05-01,96,内野,うちの,ウチノ,349,2,2,2,2,2,2,0,61,42,19,61,28,33,56,28,28,60,33,27,55,28,27,56,28,28,2,,,,,,,,
401307,福岡県,福岡市,2019-05-01,97,曲渕,まがりふち,マガリフチ,0,0,0,0,0,0,0,0,0,0,0,0,0,0,0,0,0,0,0,0,0,0,0,0,0,0,0,,,,,,,,
401307,福岡県,福岡市,2019-05-01,98,入部,いるべ,イルベ,506,3,3,3,3,2,3,0,81,42,39,89,45,44,93,51,42,77,42,35,79,40,39,87,41,46,2,,,,,,,,
401307,福岡県,福岡市,2019-05-01,99,東月隈,ひがしつきぐま,ヒガシツキグマ,523,3,3,3,2,2,3,0,92,48,44,75,41,34,105,48,57,69,39,30,81,44,37,101,53,48,2,,,,,,,,
401307,福岡県,福岡市,2019-05-01,100,有田,ありた,アリタ,669,3,4,3,4,3,3,0,100,56,44,134,59,75,99,43,56,116,60,56,103,53,50,117,66,51,1,,,,,,,,
401307,福岡県,福岡市,2019-05-01,101,壱岐南,いきみなみ,イキミナミ,607,3,3,3,3,3,3,0,84,41,43,103,50,53,103,54,49,101,47,54,96,59,37,120,66,54,2,,,,,,,,
401307,福岡県,福岡市,2019-05-01,102,和白東,わじろひがし,ワジロヒガシ,693,4,4,3,4,3,3,0,120,72,48,109,55,54,110,67,43,118,53,65,116,56,60,120,57,63,3,,,,,,,,
401307,福岡県,福岡市,2019-05-01,103,片江,かたえ,カタエ,584,3,4,3,3,3,3,0,85,47,38,109,49,60,93,48,45,93,52,41,93,45,48,111,61,50,3,,,,,,,,
401307,福岡県,福岡市,2019-05-01,104,野芥,のけ,ノケ,679,4,3,4,4,3,3,0,121,72,49,100,51,49,118,65,53,117,57,60,103,48,55,120,69,51,2,,,,,,,,
401307,福岡県,福岡市,2019-05-01,105,西陵,せいりょう,セイリョウ,211,1,2,1,1,1,1,0,35,14,21,38,17,21,29,18,11,34,16,18,35,13,22,40,16,24,2,,,,,,,,
401307,福岡県,福岡市,2019-05-01,106,舞松原,まいまつばら,マイマツバラ,617,3,4,4,3,3,3,0,85,42,43,113,57,56,120,59,61,101,54,47,108,54,54,90,42,48,3,,,,,,,,
401307,福岡県,福岡市,2019-05-01,107,福浜,ふくはま,フクハマ,182,1,1,1,2,1,1,0,30,14,16,27,12,15,31,13,18,39,19,20,27,12,15,28,15,13,1,,,,,,,,
401307,福岡県,福岡市,2019-05-01,108,南片江,みなみかたえ,ミナミカタエ,663,3,4,4,4,3,3,0,105,53,52,129,69,60,119,64,55,112,65,47,102,60,42,96,45,51,4,,,,,,,,
401307,福岡県,福岡市,2019-05-01,109,大原,おおはら,オオハラ,407,2,3,2,2,2,2,0,54,26,28,77,36,41,55,26,29,76,36,40,71,37,34,74,42,32,2,,,,,,,,
401307,福岡県,福岡市,2019-05-01,110,香椎東,かしいひがし,カシイヒガシ,806,4,4,4,4,4,4,0,122,60,62,127,67,60,137,75,62,142,74,68,134,75,59,144,70,74,2,,,,,,,,
401307,福岡県,福岡市,2019-05-01,111,弥永西,やながにし,ヤナガニシ,457,3,3,3,3,2,2,0,88,56,32,74,30,44,73,34,39,79,43,36,67,26,41,76,37,39,2,,,,,,,,
401307,福岡県,福岡市,2019-05-01,112,東若久,ひがしわかひさ,ヒガシワカヒサ,538,3,3,3,3,2,3,0,101,49,52,83,47,36,100,58,42,84,54,30,72,41,31,98,50,48,2,,,,,,,,
401307,福岡県,福岡市,2019-05-01,113,四箇田,しかた,シカタ,422,2,3,2,2,2,2,0,60,25,35,72,38,34,71,31,40,67,35,32,69,32,37,83,43,40,2,,,,,,,,
401307,福岡県,福岡市,2019-05-01,114,壱岐東,いきひがし,イキヒガシ,148,1,1,1,1,1,1,0,20,14,6,32,13,19,16,6,10,26,16,10,30,15,15,24,13,11,1,,,,,,,,
401307,福岡県,福岡市,2019-05-01,115,石丸,いしまる,イシマル,569,3,3,3,3,3,3,0,89,41,48,106,42,64,91,52,39,95,53,42,99,45,54,89,52,37,1,,,,,,,,
401307,福岡県,福岡市,2019-05-01,116,鶴田,つるた,ツルタ,454,2,2,3,2,3,2,0,65,33,32,72,35,37,86,40,46,70,34,36,84,41,43,77,39,38,1,,,,,,,,
401307,福岡県,福岡市,2019-05-01,117,田島,たしま,タシマ,596,3,3,4,3,3,3,0,92,47,45,88,47,41,125,59,66,95,54,41,99,55,44,97,49,48,2,,,,,,,,
401307,福岡県,福岡市,2019-05-01,118,愛宕,あたご,アタゴ,681,3,3,4,4,4,3,0,104,53,51,98,47,51,111,49,62,122,65,57,129,70,59,117,55,62,2,,,,,,,,
401307,福岡県,福岡市,2019-05-01,119,福重,ふくしげ,フクシゲ,391,3,2,2,2,2,2,0,73,36,37,49,24,25,63,31,32,57,20,37,76,40,36,73,28,45,2,,,,,,,,
401307,福岡県,福岡市,2019-05-01,120,三筑,さんちく,サンチク,603,3,4,3,4,3,3,0,82,44,38,110,51,59,100,45,55,109,51,58,98,52,46,104,59,45,1,,,,,,,,
401307,福岡県,福岡市,2019-05-01,121,飯原,いいはら,イイハラ,492,3,3,3,3,2,2,0,79,48,31,77,43,34,97,45,52,81,41,40,78,39,39,80,36,44,1,,,,,,,,
401307,福岡県,福岡市,2019-05-01,122,青葉,あおば,アオバ,811,4,4,4,4,4,4,0,137,66,71,137,76,61,133,64,69,135,72,63,135,64,71,134,68,66,3,,,,,,,,
401307,福岡県,福岡市,2019-05-01,123,奈多,なた,ナタ,542,3,3,3,3,3,3,0,99,61,38,84,42,42,81,38,43,103,49,54,85,44,41,90,43,47,2,,,,,,,,
401307,福岡県,福岡市,2019-05-01,124,野多目,のため,ノタメ,715,4,4,4,4,3,4,0,108,53,55,119,55,64,125,69,56,120,59,61,114,58,56,129,63,66,4,,,,,,,,
401307,福岡県,福岡市,2019-05-01,125,高木,たかぎ,タカギ,466,3,3,3,3,3,2,0,88,42,46,73,39,34,78,37,41,74,39,35,86,45,41,67,37,30,1,,,,,,,,
401307,福岡県,福岡市,2019-05-01,126,堤丘,つつみがおか,ツツミガオカ,242,1,2,2,2,2,1,0,30,12,18,37,17,20,44,26,18,47,21,26,44,18,26,40,20,20,2,,,,,,,,
401307,福岡県,福岡市,2019-05-01,127,有住,ありずみ,アリズミ,206,1,2,1,1,2,1,0,23,14,9,42,25,17,27,16,11,28,12,16,45,20,25,41,16,25,2,,,,,,,,
401307,福岡県,福岡市,2019-05-01,128,城原,じょうのはる,ジョウノハル,426,3,2,2,3,2,2,0,76,40,36,66,35,31,65,35,30,71,38,33,74,39,35,74,33,41,2,,,,,,,,
401307,福岡県,福岡市,2019-05-01,129,香椎浜,かしいはま,カシイハマ,320,2,2,2,2,2,1,0,64,38,26,58,30,28,64,32,32,47,21,26,52,32,20,35,19,16,2,,,,,,,,
401307,福岡県,福岡市,2019-05-01,130,大池,おおいけ,オオイケ,524,3,3,3,3,2,3,0,85,44,41,78,38,40,96,46,50,102,47,55,77,38,39,86,47,39,1,,,,,,,,
401307,福岡県,福岡市,2019-05-01,131,早良,さわら,サワラ,189,1,1,1,2,1,1,0,26,17,9,31,21,10,28,14,14,36,16,20,33,14,19,35,18,17,1,,,,,,,,
401307,福岡県,福岡市,2019-05-01,132,香椎下原,かしいしもばる,カシイシモバル,801,5,4,4,4,3,4,0,147,73,74,133,73,60,142,68,74,137,77,60,109,52,57,133,70,63,4,,,,,,,,
401307,福岡県,福岡市,2019-05-01,133,弥生,やよい,ヤヨイ,390,2,2,2,2,2,2,0,63,37,26,66,29,37,69,38,31,64,32,32,74,32,42,54,30,24,2,,,,,,,,
401307,福岡県,福岡市,2019-05-01,134,塩原,しおばる,シオバル,788,5,5,4,4,3,3,0,151,94,57,152,77,75,139,67,72,124,63,61,121,53,68,101,56,45,1,,,,,,,,
401307,福岡県,福岡市,2019-05-01,135,田村,たむら,タムラ,642,3,4,4,4,3,3,0,104,63,41,109,52,57,118,60,58,112,51,61,93,56,37,106,48,58,2,,,,,,,,
401307,福岡県,福岡市,2019-05-01,136,千早西,ちはやにし,チハヤニシ,391,2,2,2,2,2,2,0,68,33,35,64,34,30,55,32,23,62,31,31,61,29,32,81,41,40,4,,,,,,,,
401307,福岡県,福岡市,2019-05-01,137,東箱崎,ひがしはこざき,ヒガシハコザキ,316,2,2,2,2,2,2,0,56,19,37,48,19,29,53,21,32,60,32,28,46,25,21,53,25,28,2,,,,,,,,
401307,福岡県,福岡市,2019-05-01,138,柏原,かしはら,カシハラ,590,3,3,3,3,3,3,0,79,46,33,104,55,49,101,60,41,99,50,49,97,49,48,110,56,54,2,,,,,,,,
401307,福岡県,福岡市,2019-05-01,139,飯倉中央,いいくらちゅうおう,イイクラチュウオウ,317,2,2,2,2,2,2,0,62,37,25,52,25,27,52,26,26,56,23,33,52,38,14,43,26,17,1,,,,,,,,
401307,福岡県,福岡市,2019-05-01,140,玄洋,げんよう,ゲンヨウ,821,4,4,4,5,4,4,0,134,74,60,132,67,65,132,66,66,163,78,85,131,64,67,129,68,61,3,,,,,,,,
401307,福岡県,福岡市,2019-05-01,141,小田部,こたべ,コタベ,817,4,4,4,5,4,4,0,118,69,49,136,59,77,134,66,68,150,86,64,130,67,63,149,76,73,3,,,,,,,,
401307,福岡県,福岡市,2019-05-01,142,香陵,こうりょう,コウリョウ,396,2,2,2,3,2,2,0,54,27,27,71,35,36,64,25,39,78,41,37,67,34,33,62,26,36,2,,,,,,,,
401307,福岡県,福岡市,2019-05-01,143,百道浜,ももちはま,モモチハマ,517,3,2,3,3,3,3,0,85,50,35,62,34,28,88,43,45,85,43,42,107,54,53,90,45,45,1,,,,,,,,
401307,福岡県,福岡市,2019-05-01,144,松島,まつしま,マツシマ,1052,5,6,5,5,5,5,0,157,64,93,192,97,95,165,87,78,149,81,68,187,92,95,202,105,97,3,,,,,,,,
401307,福岡県,福岡市,2019-05-01,145,横手,よこて,ヨコテ,483,2,3,3,3,3,2,0,69,36,33,82,42,40,86,47,39,86,45,41,83,45,38,77,38,39,1,,,,,,,,
401307,福岡県,福岡市,2019-05-01,146,三苫,みとま,ミトマ,722,4,3,4,5,3,4,0,121,61,60,100,47,53,116,70,46,146,72,74,107,53,54,132,74,58,3,,,,,,,,
401307,福岡県,福岡市,2019-05-01,147,愛宕浜,あたごはま,アタゴハマ,424,2,2,2,2,2,2,0,68,30,38,66,37,29,71,42,29,60,33,27,78,39,39,81,50,31,1,,,,,,,,
401307,福岡県,福岡市,2019-05-01,148,姪北,めいほく,メイホク,507,3,3,3,3,2,3,0,81,49,32,79,39,40,95,47,48,82,43,39,75,38,37,95,65,30,6,,,,,,,,
401307,福岡県,福岡市,2019-05-01,149,照葉,てりは,テリハ,760,4,4,4,4,4,3,0,114,59,55,130,58,72,130,67,63,135,75,60,134,69,65,117,68,49,3,,,,,,,,
401307,福岡県,福岡市,2019-05-01,150,西都,さいと,サイト,1011,6,6,7,5,4,3,0,210,105,105,200,101,99,218,109,109,152,84,68,124,70,54,107,58,49,2,,,,,,,,
401307,福岡県,福岡市,2019-05-01,151,照葉北,てりはきた,テリハキタ,598,4,3,3,3,3,2,0,131,63,68,109,50,59,93,53,40,105,47,58,86,43,43,74,36,38,3,,,,,,,,
